"location","total","preasure","rain","sun","humidity","mean_temp","max_temp","min_temp","wind_gust","mean_wind_spd","month","disease","located","ID"
1,9,89.5563101851847,95.702,246.883306320908,0.747508979260799,24.548443106841,35.6,17.2,7.35,0.757136574074071,"April","Typhoid","Nakasongola",1
1,143,89.5563101851847,95.702,246.883306320908,0.747508979260799,24.548443106841,35.6,17.2,7.35,0.757136574074071,"April","Malaria","Nakasongola",2
1,13,89.5563101851847,95.702,246.883306320908,0.747508979260799,24.548443106841,35.6,17.2,7.35,0.757136574074071,"April","Dysentry","Nakasongola",3
1,5,89.5563101851847,95.702,246.883306320908,0.747508979260799,24.548443106841,35.6,17.2,7.35,0.757136574074071,"April","Asthma","Nakasongola",4
1,35,89.5563101851847,95.702,246.883306320908,0.747508979260799,24.548443106841,35.6,17.2,7.35,0.757136574074071,"April","Skin_diseases","Nakasongola",5
2,31,88.6736527777778,170.453,216.030208333333,0.806512850196804,23.3266898148148,28.7,16.9,10.65,1.20275894649817,"April","Asthma","Entebbe",6
2,275,88.6736527777778,170.453,216.030208333333,0.806512850196804,23.3266898148148,28.7,16.9,10.65,1.20275894649817,"April","Malaria","Entebbe",7
2,6,88.6736527777778,170.453,216.030208333333,0.806512850196804,23.3266898148148,28.7,16.9,10.65,1.20275894649817,"April","Dysentry","Entebbe",8
2,60,88.6736527777778,170.453,216.030208333333,0.806512850196804,23.3266898148148,28.7,16.9,10.65,1.20275894649817,"April","Typhoid","Entebbe",9
2,29,88.6736527777778,170.453,216.030208333333,0.806512850196804,23.3266898148148,28.7,16.9,10.65,1.20275894649817,"April","Skin_diseases","Entebbe",10
3,12,87.8221693305536,109.492,200.571693305536,0.784453818518947,22.5798702802873,30.5,16.6,30,0.84606356085229,"April","Asthma","Butambala",11
3,391,87.8221693305536,109.492,200.571693305536,0.784453818518947,22.5798702802873,30.5,16.6,30,0.84606356085229,"April","Malaria","Butambala",12
3,5,87.8221693305536,109.492,200.571693305536,0.784453818518947,22.5798702802873,30.5,16.6,30,0.84606356085229,"April","Dysentry","Butambala",13
3,71,87.8221693305536,109.492,200.571693305536,0.784453818518947,22.5798702802873,30.5,16.6,30,0.84606356085229,"April","Typhoid","Butambala",14
3,103,87.8221693305536,109.492,200.571693305536,0.784453818518947,22.5798702802873,30.5,16.6,30,0.84606356085229,"April","Skin_diseases","Butambala",15
4,15,88.9739074074081,152.869,247.059279842538,0.719578770301623,24.4029439035698,36.1,16.9,30,1.09726736111111,"April","Typhoid","Gulu",16
4,19,88.9739074074081,152.869,247.059279842538,0.719578770301623,24.4029439035698,36.1,16.9,30,1.09726736111111,"April","Asthma","Gulu",17
4,11,88.9739074074081,152.869,247.059279842538,0.719578770301623,24.4029439035698,36.1,16.9,30,1.09726736111111,"April","Dysentry","Gulu",18
4,435,88.9739074074081,152.869,247.059279842538,0.719578770301623,24.4029439035698,36.1,16.9,30,1.09726736111111,"April","Malaria","Gulu",19
4,121,88.9739074074081,152.869,247.059279842538,0.719578770301623,24.4029439035698,36.1,16.9,30,1.09726736111111,"April","Skin_diseases","Gulu",20
5,191,87.6778773148149,190.7,191.742708333333,0.79641284722222,23.3625578703704,31.2,16.8,30,0.645672453703703,"April","Malaria","Kampala",21
5,10,87.6778773148149,190.7,191.742708333333,0.79641284722222,23.3625578703704,31.2,16.8,30,0.645672453703703,"April","Dysentry","Kampala",22
5,104,87.6778773148149,190.7,191.742708333333,0.79641284722222,23.3625578703704,31.2,16.8,30,0.645672453703703,"April","Asthma","Kampala",23
5,635,87.6778773148149,190.7,191.742708333333,0.79641284722222,23.3625578703704,31.2,16.8,30,0.645672453703703,"April","Skin_diseases","Kampala",24
5,23,87.6778773148149,190.7,191.742708333333,0.79641284722222,23.3625578703704,31.2,16.8,30,0.645672453703703,"April","Typhoid","Kampala",25
7,522,88.83168056,104.48,262.6416667,0.678999305,25.28475165,36.3,18,30,1.518649306,"April","Malaria","Soroti",26
7,10,88.83168056,104.48,262.6416667,0.678999305,25.28475165,36.3,18,30,1.518649306,"April","Dysentry","Soroti",27
7,64,88.83168056,104.48,262.6416667,0.678999305,25.28475165,36.3,18,30,1.518649306,"April","Typhoid","Soroti",28
7,147,88.83168056,104.48,262.6416667,0.678999305,25.28475165,36.3,18,30,1.518649306,"April","Skin_diseases","Soroti",29
8,7,90.6427874564462,4.131,146.974912891986,0.683930914166086,25.6018815331011,38.5,18.6,26.01,2.51452830188679,"April","Asthma","Kitgum",30
8,68,90.6427874564462,4.131,146.974912891986,0.683930914166086,25.6018815331011,38.5,18.6,26.01,2.51452830188679,"April","Malaria","Kitgum",31
8,8,90.6427874564462,4.131,146.974912891986,0.683930914166086,25.6018815331011,38.5,18.6,26.01,2.51452830188679,"April","Dysentry","Kitgum",32
8,84,90.6427874564462,4.131,146.974912891986,0.683930914166086,25.6018815331011,38.5,18.6,26.01,2.51452830188679,"April","Typhoid","Kitgum",33
8,66,90.6427874564462,4.131,146.974912891986,0.683930914166086,25.6018815331011,38.5,18.6,26.01,2.51452830188679,"April","Skin_diseases","Kitgum",34
9,30,89.4362731481481,105.842,242.389184807781,0.760231919332406,24.1808850787766,34.3,17.9,10.56,0.894,"April","Typhoid","Nakaseke",35
9,84,89.4362731481481,105.842,242.389184807781,0.760231919332406,24.1808850787766,34.3,17.9,10.56,0.894,"April","Skin_diseases","Nakaseke",36
9,199,89.4362731481481,105.842,242.389184807781,0.760231919332406,24.1808850787766,34.3,17.9,10.56,0.894,"April","Malaria","Nakaseke",37
9,4,89.4362731481481,105.842,242.389184807781,0.760231919332406,24.1808850787766,34.3,17.9,10.56,0.894,"April","Asthma","Nakaseke",38
9,6,89.4362731481481,105.842,242.389184807781,0.760231919332406,24.1808850787766,34.3,17.9,10.56,0.894,"April","Dysentry","Nakaseke",39
1,30,89.8308613351246,19.026,189.339493727599,0.862934417040354,21.884909253865,32.3,15.1,7.18,0.664320116487453,"August","Skin_diseases","Nakasongola",40
1,6,89.8308613351246,19.026,189.339493727599,0.862934417040354,21.884909253865,32.3,15.1,7.18,0.664320116487453,"August","Dysentry","Nakasongola",41
1,688,89.8308613351246,19.026,189.339493727599,0.862934417040354,21.884909253865,32.3,15.1,7.18,0.664320116487453,"August","Malaria","Nakasongola",42
1,6,89.8308613351246,19.026,189.339493727599,0.862934417040354,21.884909253865,32.3,15.1,7.18,0.664320116487453,"August","Typhoid","Nakasongola",43
2,121,88.8772983870971,59.443,173.408154121864,0.788192919560833,21.5059706765589,28.4,16.4,10.32,1.15686582335668,"August","Skin_diseases","Entebbe",44
2,4,88.8772983870971,59.443,173.408154121864,0.788192919560833,21.5059706765589,28.4,16.4,10.32,1.15686582335668,"August","Dysentry","Entebbe",45
2,16,88.8772983870971,59.443,173.408154121864,0.788192919560833,21.5059706765589,28.4,16.4,10.32,1.15686582335668,"August","Asthma","Entebbe",46
2,276,88.8772983870971,59.443,173.408154121864,0.788192919560833,21.5059706765589,28.4,16.4,10.32,1.15686582335668,"August","Malaria","Entebbe",47
2,60,88.8772983870971,59.443,173.408154121864,0.788192919560833,21.5059706765589,28.4,16.4,10.32,1.15686582335668,"August","Typhoid","Entebbe",48
3,12,88.0788788082452,46.321,163.571012544803,0.821778126400715,20.8401478660245,29.3,15.6,9.28,0.902890905017921,"August","Asthma","Butambala",49
3,462,88.0788788082452,46.321,163.571012544803,0.821778126400715,20.8401478660245,29.3,15.6,9.28,0.902890905017921,"August","Malaria","Butambala",50
3,100,88.0788788082452,46.321,163.571012544803,0.821778126400715,20.8401478660245,29.3,15.6,9.28,0.902890905017921,"August","Skin_diseases","Butambala",51
3,75,88.0788788082452,46.321,163.571012544803,0.821778126400715,20.8401478660245,29.3,15.6,9.28,0.902890905017921,"August","Typhoid","Butambala",52
3,4,88.0788788082452,46.321,163.571012544803,0.821778126400715,20.8401478660245,29.3,15.6,9.28,0.902890905017921,"August","Dysentry","Butambala",53
4,132,89.22989790795,187.69,186.620857047205,0.885335343383585,20.9934214931369,30.7,16.6,8.66,0.807603878116341,"August","Skin_diseases","Gulu",54
4,9,89.22989790795,187.69,186.620857047205,0.885335343383585,20.9934214931369,30.7,16.6,8.66,0.807603878116341,"August","Typhoid","Gulu",55
4,648,89.22989790795,187.69,186.620857047205,0.885335343383585,20.9934214931369,30.7,16.6,8.66,0.807603878116341,"August","Malaria","Gulu",56
4,9,89.22989790795,187.69,186.620857047205,0.885335343383585,20.9934214931369,30.7,16.6,8.66,0.807603878116341,"August","Dysentry","Gulu",57
4,26,89.22989790795,187.69,186.620857047205,0.885335343383585,20.9934214931369,30.7,16.6,8.66,0.807603878116341,"August","Asthma","Gulu",58
5,4,87.8831024433975,80.972,125.302979390681,0.847254732832974,21.2316532258065,29.1,16.5,6.72,0.572790098566307,"August","Dysentry","Kampala",59
5,289,87.8831024433975,80.972,125.302979390681,0.847254732832974,21.2316532258065,29.1,16.5,6.72,0.572790098566307,"August","Malaria","Kampala",60
5,126,87.8831024433975,80.972,125.302979390681,0.847254732832974,21.2316532258065,29.1,16.5,6.72,0.572790098566307,"August","Skin_diseases","Kampala",61
5,12,87.8831024433975,80.972,125.302979390681,0.847254732832974,21.2316532258065,29.1,16.5,6.72,0.572790098566307,"August","Asthma","Kampala",62
6,55,87.1884599014327,70.422,180.231260504202,0.787175857431066,20.6831839569796,30.5,15.2,30,1.53853007688828,"August","Skin_diseases","Sembabule",63
6,128,87.1884599014327,70.422,180.231260504202,0.787175857431066,20.6831839569796,30.5,15.2,30,1.53853007688828,"August","Malaria","Sembabule",64
6,2,87.1884599014327,70.422,180.231260504202,0.787175857431066,20.6831839569796,30.5,15.2,30,1.53853007688828,"August","Dysentry","Sembabule",65
6,5,87.1884599014327,70.422,180.231260504202,0.787175857431066,20.6831839569796,30.5,15.2,30,1.53853007688828,"August","Asthma","Sembabule",66
7,45,89.09321573,0,228.7227823,0.83271371,22.21021505,30.4,17.1,11.68,1.178117185,"August","Asthma","Soroti",67
7,1137,89.09321573,0,228.7227823,0.83271371,22.21021505,30.4,17.1,11.68,1.178117185,"August","Malaria","Soroti",68
7,17,89.09321573,0,228.7227823,0.83271371,22.21021505,30.4,17.1,11.68,1.178117185,"August","Dysentry","Soroti",69
7,98,89.09321573,0,228.7227823,0.83271371,22.21021505,30.4,17.1,11.68,1.178117185,"August","Typhoid","Soroti",70
7,165,89.09321573,0,228.7227823,0.83271371,22.21021505,30.4,17.1,11.68,1.178117185,"August","Skin_diseases","Soroti",71
8,6,90.9190591397846,201.052,213.107762966282,0.820319542549612,22.2577254901962,31.1,16.4,8.1,0.594776119402984,"August","Asthma","Kitgum",72
8,720,90.9190591397846,201.052,213.107762966282,0.820319542549612,22.2577254901962,31.1,16.4,8.1,0.594776119402984,"August","Malaria","Kitgum",73
8,4,90.9190591397846,201.052,213.107762966282,0.820319542549612,22.2577254901962,31.1,16.4,8.1,0.594776119402984,"August","Dysentry","Kitgum",74
8,43,90.9190591397846,201.052,213.107762966282,0.820319542549612,22.2577254901962,31.1,16.4,8.1,0.594776119402984,"August","Typhoid","Kitgum",75
8,51,90.9190591397846,201.052,213.107762966282,0.820319542549612,22.2577254901962,31.1,16.4,8.1,0.594776119402984,"August","Skin_diseases","Kitgum",76
9,44,89.7198375896057,180.065,195.547155017921,0.859583380060558,21.5707431902253,30.8,15.9,11.4,0.862178037212696,"August","Skin_diseases","Nakaseke",77
9,37,89.7198375896057,180.065,195.547155017921,0.859583380060558,21.5707431902253,30.8,15.9,11.4,0.862178037212696,"August","Typhoid","Nakaseke",78
9,12,89.7198375896057,180.065,195.547155017921,0.859583380060558,21.5707431902253,30.8,15.9,11.4,0.862178037212696,"August","Asthma","Nakaseke",79
9,333,89.7198375896057,180.065,195.547155017921,0.859583380060558,21.5707431902253,30.8,15.9,11.4,0.862178037212696,"August","Malaria","Nakaseke",80
9,3,89.7198375896057,180.065,195.547155017921,0.859583380060558,21.5707431902253,30.8,15.9,11.4,0.862178037212696,"August","Dysentry","Nakaseke",81
2,19,88.7012175179214,173.504,184.879480286738,0.976300675675675,22.1410150123236,27.9,16.4,9.22,0.893302121607208,"December","Asthma","Entebbe",82
2,5,88.7012175179214,173.504,184.879480286738,0.976300675675675,22.1410150123236,27.9,16.4,9.22,0.893302121607208,"December","Dysentry","Entebbe",83
2,286,88.7012175179214,173.504,184.879480286738,0.976300675675675,22.1410150123236,27.9,16.4,9.22,0.893302121607208,"December","Malaria","Entebbe",84
2,144,88.7012175179214,173.504,184.879480286738,0.976300675675675,22.1410150123236,27.9,16.4,9.22,0.893302121607208,"December","Skin_diseases","Entebbe",85
2,54,88.7012175179214,173.504,184.879480286738,0.976300675675675,22.1410150123236,27.9,16.4,9.22,0.893302121607208,"December","Typhoid","Entebbe",86
3,281,87.8833702956996,121.209,170.345542114695,0.818408989015914,21.2408805736052,29.7,16.1,6.4,0.742743263051078,"December","Malaria","Butambala",87
3,16,87.8833702956996,121.209,170.345542114695,0.818408989015914,21.2408805736052,29.7,16.1,6.4,0.742743263051078,"December","Asthma","Butambala",88
3,18,87.8833702956996,121.209,170.345542114695,0.818408989015914,21.2408805736052,29.7,16.1,6.4,0.742743263051078,"December","Typhoid","Butambala",89
3,9,87.8833702956996,121.209,170.345542114695,0.818408989015914,21.2408805736052,29.7,16.1,6.4,0.742743263051078,"December","Dysentry","Butambala",90
3,125,87.8833702956996,121.209,170.345542114695,0.818408989015914,21.2408805736052,29.7,16.1,6.4,0.742743263051078,"December","Skin_diseases","Butambala",91
4,477,88.9364340819478,43.228,236.946339790845,0.603108247422681,24.9705488850772,33,16.6,11.02,4.08085220729367,"December","Malaria","Gulu",92
4,10,88.9364340819478,43.228,236.946339790845,0.603108247422681,24.9705488850772,33,16.6,11.02,4.08085220729367,"December","Dysentry","Gulu",93
4,14,88.9364340819478,43.228,236.946339790845,0.603108247422681,24.9705488850772,33,16.6,11.02,4.08085220729367,"December","Typhoid","Gulu",94
4,169,88.9364340819478,43.228,236.946339790845,0.603108247422681,24.9705488850772,33,16.6,11.02,4.08085220729367,"December","Skin_diseases","Gulu",95
5,17,87.6871673387098,131.35,136.580869175627,0.827113886342805,22.3517643105187,31.7,16.6,7.4,1.20885881822283,"December","Typhoid","Kampala",96
5,683,87.6871673387098,131.35,136.580869175627,0.827113886342805,22.3517643105187,31.7,16.6,7.4,1.20885881822283,"December","Malaria","Kampala",97
5,18,87.6871673387098,131.35,136.580869175627,0.827113886342805,22.3517643105187,31.7,16.6,7.4,1.20885881822283,"December","Asthma","Kampala",98
5,5,87.6871673387098,131.35,136.580869175627,0.827113886342805,22.3517643105187,31.7,16.6,7.4,1.20885881822283,"December","Cholera","Kampala",99
5,3,87.6871673387098,131.35,136.580869175627,0.827113886342805,22.3517643105187,31.7,16.6,7.4,1.20885881822283,"December","Dysentry","Kampala",100
5,448,87.6871673387098,131.35,136.580869175627,0.827113886342805,22.3517643105187,31.7,16.6,7.4,1.20885881822283,"December","Skin_diseases","Kampala",101
8,4,90.7466252240146,32.796,186.789874551971,0.699668946188338,24.2093781512606,36.2,15.1,28.95,2.44913355345553,"December","Asthma","Kitgum",102
8,203,90.7466252240146,32.796,186.789874551971,0.699668946188338,24.2093781512606,36.2,15.1,28.95,2.44913355345553,"December","Malaria","Kitgum",103
8,20,90.7466252240146,32.796,186.789874551971,0.699668946188338,24.2093781512606,36.2,15.1,28.95,2.44913355345553,"December","Dysentry","Kitgum",104
8,75,90.7466252240146,32.796,186.789874551971,0.699668946188338,24.2093781512606,36.2,15.1,28.95,2.44913355345553,"December","Typhoid","Kitgum",105
8,38,90.7466252240146,32.796,186.789874551971,0.699668946188338,24.2093781512606,36.2,15.1,28.95,2.44913355345553,"December","Skin_diseases","Kitgum",106
9,52,89.505638711295,249.697,202.533157828758,0.830987327478043,22.1517973430581,30,16,6.93,0.892225157232704,"December","Skin_diseases","Nakaseke",107
9,4,89.505638711295,249.697,202.533157828758,0.830987327478043,22.1517973430581,30,16,6.93,0.892225157232704,"December","Asthma","Nakaseke",108
9,140,89.505638711295,249.697,202.533157828758,0.830987327478043,22.1517973430581,30,16,6.93,0.892225157232704,"December","Typhoid","Nakaseke",109
9,2,89.505638711295,249.697,202.533157828758,0.830987327478043,22.1517973430581,30,16,6.93,0.892225157232704,"December","Dysentry","Nakaseke",110
9,463,89.505638711295,249.697,202.533157828758,0.830987327478043,22.1517973430581,30,16,6.93,0.892225157232704,"December","Malaria","Nakaseke",111
1,77,89.539664414905,68.206,227.407891868324,0.66100458615418,24.1805494984737,35.8,16.3,7.92,0.809376770538243,"February","Malaria","Nakasongola",112
1,10,89.539664414905,68.206,227.407891868324,0.66100458615418,24.1805494984737,35.8,16.3,7.92,0.809376770538243,"February","Dysentry","Nakasongola",113
1,3,89.539664414905,68.206,227.407891868324,0.66100458615418,24.1805494984737,35.8,16.3,7.92,0.809376770538243,"February","Asthma","Nakasongola",114
1,26,89.539664414905,68.206,227.407891868324,0.66100458615418,24.1805494984737,35.8,16.3,7.92,0.809376770538243,"February","Skin_diseases","Nakasongola",115
1,4,89.539664414905,68.206,227.407891868324,0.66100458615418,24.1805494984737,35.8,16.3,7.92,0.809376770538243,"February","Typhoid","Nakasongola",116
2,24,88.6280898040186,140.701,241.651575291491,0.806294796970073,24.1135309438176,30.3,16.3,16.77,1.26626891590176,"February","Asthma","Entebbe",117
2,195,88.6280898040186,140.701,241.651575291491,0.806294796970073,24.1135309438176,30.3,16.3,16.77,1.26626891590176,"February","Malaria","Entebbe",118
2,5,88.6280898040186,140.701,241.651575291491,0.806294796970073,24.1135309438176,30.3,16.3,16.77,1.26626891590176,"February","Dysentry","Entebbe",119
2,26,88.6280898040186,140.701,241.651575291491,0.806294796970073,24.1135309438176,30.3,16.3,16.77,1.26626891590176,"February","Typhoid","Entebbe",120
2,136,88.6280898040186,140.701,241.651575291491,0.806294796970073,24.1135309438176,30.3,16.3,16.77,1.26626891590176,"February","Skin_diseases","Entebbe",121
3,319,87.7671121601821,86.83,233.559824190135,0.697923829717828,23.8202735710798,32.4,15.6,7.87,0.953955112219453,"February","Malaria","Butambala",122
3,7,87.7671121601821,86.83,233.559824190135,0.697923829717828,23.8202735710798,32.4,15.6,7.87,0.953955112219453,"February","Asthma","Butambala",123
3,11,87.7671121601821,86.83,233.559824190135,0.697923829717828,23.8202735710798,32.4,15.6,7.87,0.953955112219453,"February","Dysentry","Butambala",124
3,91,87.7671121601821,86.83,233.559824190135,0.697923829717828,23.8202735710798,32.4,15.6,7.87,0.953955112219453,"February","Skin_diseases","Butambala",125
3,75,87.7671121601821,86.83,233.559824190135,0.697923829717828,23.8202735710798,32.4,15.6,7.87,0.953955112219453,"February","Typhoid","Butambala",126
4,5,88.8292843243243,9.545,300.594162162162,0.376105981794539,29.7135064935065,37.3,17.7,13,3.77043925875085,"February","Dysentry","Gulu",127
4,266,88.8292843243243,9.545,300.594162162162,0.376105981794539,29.7135064935065,37.3,17.7,13,3.77043925875085,"February","Malaria","Gulu",128
4,200,88.8292843243243,9.545,300.594162162162,0.376105981794539,29.7135064935065,37.3,17.7,13,3.77043925875085,"February","Skin_diseases","Gulu",129
4,19,88.8292843243243,9.545,300.594162162162,0.376105981794539,29.7135064935065,37.3,17.7,13,3.77043925875085,"February","Typhoid","Gulu",130
5,329,87.622428677747,83.177,198.167741935484,0.72703695352624,24.2835132117604,33.9,15.9,8.51,1.49575663607046,"February","Malaria","Kampala",131
5,10,87.622428677747,83.177,198.167741935484,0.72703695352624,24.2835132117604,33.9,15.9,8.51,1.49575663607046,"February","Dysentry","Kampala",132
5,18,87.622428677747,83.177,198.167741935484,0.72703695352624,24.2835132117604,33.9,15.9,8.51,1.49575663607046,"February","Typhoid","Kampala",133
5,39,87.622428677747,83.177,198.167741935484,0.72703695352624,24.2835132117604,33.9,15.9,8.51,1.49575663607046,"February","Asthma","Kampala",134
5,586,87.622428677747,83.177,198.167741935484,0.72703695352624,24.2835132117604,33.9,15.9,8.51,1.49575663607046,"February","Skin_diseases","Kampala",135
8,1,90.6182762896823,45.002,212.089037698413,0.475370296783807,27.7353569211669,39.8,16.1,31.47,6.61440900562855,"February","Asthma","Kitgum",136
8,262,90.6182762896823,45.002,212.089037698413,0.475370296783807,27.7353569211669,39.8,16.1,31.47,6.61440900562855,"February","Malaria","Kitgum",137
8,23,90.6182762896823,45.002,212.089037698413,0.475370296783807,27.7353569211669,39.8,16.1,31.47,6.61440900562855,"February","Dysentry","Kitgum",138
8,97,90.6182762896823,45.002,212.089037698413,0.475370296783807,27.7353569211669,39.8,16.1,31.47,6.61440900562855,"February","Typhoid","Kitgum",139
8,38,90.6182762896823,45.002,212.089037698413,0.475370296783807,27.7353569211669,39.8,16.1,31.47,6.61440900562855,"February","Skin_diseases","Kitgum",140
1,21,89.5764862760369,4.101,189.598793069885,0.681206237816764,23.5743380062305,34.8,11.5,9.24,0.863217831419117,"January","Skin_diseases","Nakasongola",141
1,2,89.5764862760369,4.101,189.598793069885,0.681206237816764,23.5743380062305,34.8,11.5,9.24,0.863217831419117,"January","Asthma","Nakasongola",142
1,46,89.5764862760369,4.101,189.598793069885,0.681206237816764,23.5743380062305,34.8,11.5,9.24,0.863217831419117,"January","Malaria","Nakasongola",143
1,4,89.5764862760369,4.101,189.598793069885,0.681206237816764,23.5743380062305,34.8,11.5,9.24,0.863217831419117,"January","Dysentry","Nakasongola",144
1,6,89.5764862760369,4.101,189.598793069885,0.681206237816764,23.5743380062305,34.8,11.5,9.24,0.863217831419117,"January","Typhoid","Nakasongola",145
2,160,88.6790300179209,9.133,211.25873655914,0.982464907355412,23.1544578853047,29.2,15.9,8.9,0.952942785502618,"January","Skin_diseases","Entebbe",146
2,17,88.6790300179209,9.133,211.25873655914,0.982464907355412,23.1544578853047,29.2,15.9,8.9,0.952942785502618,"January","Asthma","Entebbe",147
2,6,88.6790300179209,9.133,211.25873655914,0.982464907355412,23.1544578853047,29.2,15.9,8.9,0.952942785502618,"January","Dysentry","Entebbe",148
2,49,88.6790300179209,9.133,211.25873655914,0.982464907355412,23.1544578853047,29.2,15.9,8.9,0.952942785502618,"January","Typhoid","Entebbe",149
2,293,88.6790300179209,9.133,211.25873655914,0.982464907355412,23.1544578853047,29.2,15.9,8.9,0.952942785502618,"January","Malaria","Entebbe",150
3,14,87.8181662269129,73.269,262.630606860158,0.720605624483043,23.3443509813623,31.1,15,9.72,0.869003355704698,"January","Asthma","Butambala",151
3,475,87.8181662269129,73.269,262.630606860158,0.720605624483043,23.3443509813623,31.1,15,9.72,0.869003355704698,"January","Malaria","Butambala",152
3,143,87.8181662269129,73.269,262.630606860158,0.720605624483043,23.3443509813623,31.1,15,9.72,0.869003355704698,"January","Skin_diseases","Butambala",153
3,73,87.8181662269129,73.269,262.630606860158,0.720605624483043,23.3443509813623,31.1,15,9.72,0.869003355704698,"January","Typhoid","Butambala",154
3,11,87.8181662269129,73.269,262.630606860158,0.720605624483043,23.3443509813623,31.1,15,9.72,0.869003355704698,"January","Dysentry","Butambala",155
4,88,88.887591829421,0.187,241.431643074718,0.403255158801362,27.4983157140298,36.8,17.8,12.08,5.2583345615328,"January","Skin_diseases","Gulu",156
4,9,88.887591829421,0.187,241.431643074718,0.403255158801362,27.4983157140298,36.8,17.8,12.08,5.2583345615328,"January","Asthma","Gulu",157
4,734,88.887591829421,0.187,241.431643074718,0.403255158801362,27.4983157140298,36.8,17.8,12.08,5.2583345615328,"January","Malaria","Gulu",158
4,26,88.887591829421,0.187,241.431643074718,0.403255158801362,27.4983157140298,36.8,17.8,12.08,5.2583345615328,"January","Typhoid","Gulu",159
4,14,88.887591829421,0.187,241.431643074718,0.403255158801362,27.4983157140298,36.8,17.8,12.08,5.2583345615328,"January","Dysentry","Gulu",160
5,713,87.654857750896,101.721,161.680779569892,0.773555872943326,23.5561456582631,33.5,16.8,8.06,1.83994961062758,"January","Skin_diseases","Kampala",161
5,1,87.654857750896,101.721,161.680779569892,0.773555872943326,23.5561456582631,33.5,16.8,8.06,1.83994961062758,"January","Cholera","Kampala",162
5,14,87.654857750896,101.721,161.680779569892,0.773555872943326,23.5561456582631,33.5,16.8,8.06,1.83994961062758,"January","Typhoid","Kampala",163
5,66,87.654857750896,101.721,161.680779569892,0.773555872943326,23.5561456582631,33.5,16.8,8.06,1.83994961062758,"January","Asthma","Kampala",164
5,380,87.654857750896,101.721,161.680779569892,0.773555872943326,23.5561456582631,33.5,16.8,8.06,1.83994961062758,"January","Malaria","Kampala",165
5,5,87.654857750896,101.721,161.680779569892,0.773555872943326,23.5561456582631,33.5,16.8,8.06,1.83994961062758,"January","Dysentry","Kampala",166
8,2,90.6792898745518,1.702,206.036290322581,0.45803193277311,26.7706093189965,38.4,14.1,28.83,4.232666890681,"January","Asthma","Kitgum",167
8,266,90.6792898745518,1.702,206.036290322581,0.45803193277311,26.7706093189965,38.4,14.1,28.83,4.232666890681,"January","Malaria","Kitgum",168
8,29,90.6792898745518,1.702,206.036290322581,0.45803193277311,26.7706093189965,38.4,14.1,28.83,4.232666890681,"January","Dysentry","Kitgum",169
8,70,90.6792898745518,1.702,206.036290322581,0.45803193277311,26.7706093189965,38.4,14.1,28.83,4.232666890681,"January","Typhoid","Kitgum",170
8,39,90.6792898745518,1.702,206.036290322581,0.45803193277311,26.7706093189965,38.4,14.1,28.83,4.232666890681,"January","Skin_diseases","Kitgum",171
1,3,89.7739908154128,36.126,183.072580645161,0.865677459108223,21.6028785842293,30.5,14.4,7.51,0.58129144265233,"July","Asthma","Nakasongola",172
1,1,89.7739908154128,36.126,183.072580645161,0.865677459108223,21.6028785842293,30.5,14.4,7.51,0.58129144265233,"July","Dysentry","Nakasongola",173
1,2,89.7739908154128,36.126,183.072580645161,0.865677459108223,21.6028785842293,30.5,14.4,7.51,0.58129144265233,"July","Typhoid","Nakasongola",174
1,957,89.7739908154128,36.126,183.072580645161,0.865677459108223,21.6028785842293,30.5,14.4,7.51,0.58129144265233,"July","Malaria","Nakasongola",175
1,35,89.7739908154128,36.126,183.072580645161,0.865677459108223,21.6028785842293,30.5,14.4,7.51,0.58129144265233,"July","Skin_diseases","Nakasongola",176
2,3,88.8200100806454,29.173,177.027441756272,0.799304279632536,21.4847190646313,26.7,16.4,7.33,1.08180918091809,"July","Dysentry","Entebbe",177
2,20,88.8200100806454,29.173,177.027441756272,0.799304279632536,21.4847190646313,26.7,16.4,7.33,1.08180918091809,"July","Asthma","Entebbe",178
2,75,88.8200100806454,29.173,177.027441756272,0.799304279632536,21.4847190646313,26.7,16.4,7.33,1.08180918091809,"July","Typhoid","Entebbe",179
2,129,88.8200100806454,29.173,177.027441756272,0.799304279632536,21.4847190646313,26.7,16.4,7.33,1.08180918091809,"July","Skin_diseases","Entebbe",180
2,289,88.8200100806454,29.173,177.027441756272,0.799304279632536,21.4847190646313,26.7,16.4,7.33,1.08180918091809,"July","Malaria","Entebbe",181
3,712,88.0388418458785,36.234,174.166666666667,0.835349131652661,20.8804525596505,28.7,13.5,30,0.880135528673833,"July","Malaria","Butambala",182
3,4,88.0388418458785,36.234,174.166666666667,0.835349131652661,20.8804525596505,28.7,13.5,30,0.880135528673833,"July","Dysentry","Butambala",183
3,98,88.0388418458785,36.234,174.166666666667,0.835349131652661,20.8804525596505,28.7,13.5,30,0.880135528673833,"July","Skin_diseases","Butambala",184
3,99,88.0388418458785,36.234,174.166666666667,0.835349131652661,20.8804525596505,28.7,13.5,30,0.880135528673833,"July","Typhoid","Butambala",185
3,22,88.0388418458785,36.234,174.166666666667,0.835349131652661,20.8804525596505,28.7,13.5,30,0.880135528673833,"July","Asthma","Butambala",186
4,11,89.1841588059704,106.592,183.547104477612,0.859519775361446,21.6677496416627,29.1,15.9,8.03,0.755844776119402,"July","Dysentry","Gulu",187
4,912,89.1841588059704,106.592,183.547104477612,0.859519775361446,21.6677496416627,29.1,15.9,8.03,0.755844776119402,"July","Malaria","Gulu",188
4,17,89.1841588059704,106.592,183.547104477612,0.859519775361446,21.6677496416627,29.1,15.9,8.03,0.755844776119402,"July","Asthma","Gulu",189
4,10,89.1841588059704,106.592,183.547104477612,0.859519775361446,21.6677496416627,29.1,15.9,8.03,0.755844776119402,"July","Yellow_fever","Gulu",190
4,214,89.1841588059704,106.592,183.547104477612,0.859519775361446,21.6677496416627,29.1,15.9,8.03,0.755844776119402,"July","Skin_diseases","Gulu",191
5,7,87.8300325039234,64.41,145.503472222222,0.840742434431738,21.4071908602151,27.6,16.3,5.63,0.568745519713259,"July","Dysentry","Kampala",192
5,118,87.8300325039234,64.41,145.503472222222,0.840742434431738,21.4071908602151,27.6,16.3,5.63,0.568745519713259,"July","Skin_diseases","Kampala",193
5,285,87.8300325039234,64.41,145.503472222222,0.840742434431738,21.4071908602151,27.6,16.3,5.63,0.568745519713259,"July","Malaria","Kampala",194
5,79,87.8300325039234,64.41,145.503472222222,0.840742434431738,21.4071908602151,27.6,16.3,5.63,0.568745519713259,"July","Asthma","Kampala",195
6,151,87.0916203703705,0.153,178.118634259259,0.716318865740742,21.3137731481481,29.5,16.1,6.55,1.17522569444445,"July","Malaria","Sembabule",196
6,1,87.0916203703705,0.153,178.118634259259,0.716318865740742,21.3137731481481,29.5,16.1,6.55,1.17522569444445,"July","Asthma","Sembabule",197
6,60,87.0916203703705,0.153,178.118634259259,0.716318865740742,21.3137731481481,29.5,16.1,6.55,1.17522569444445,"July","Skin_diseases","Sembabule",198
6,2,87.0916203703705,0.153,178.118634259259,0.716318865740742,21.3137731481481,29.5,16.1,6.55,1.17522569444445,"July","Typhoid","Sembabule",199
7,40,89.03403898,0.017,204.8655914,0.814965054,22.40608199,29.5,16.2,9.57,1.115668683,"July","Asthma","Soroti",200
7,1227,89.03403898,0.017,204.8655914,0.814965054,22.40608199,29.5,16.2,9.57,1.115668683,"July","Malaria","Soroti",201
7,28,89.03403898,0.017,204.8655914,0.814965054,22.40608199,29.5,16.2,9.57,1.115668683,"July","Dysentry","Soroti",202
7,113,89.03403898,0.017,204.8655914,0.814965054,22.40608199,29.5,16.2,9.57,1.115668683,"July","Typhoid","Soroti",203
7,196,89.03403898,0.017,204.8655914,0.814965054,22.40608199,29.5,16.2,9.57,1.115668683,"July","Skin_diseases","Soroti",204
8,11,90.8740006553077,66.229,151.554062909568,0.881862397372744,21.7414290396592,30.7,17,8.58,1.58091017251636,"July","Asthma","Kitgum",205
8,703,90.8740006553077,66.229,151.554062909568,0.881862397372744,21.7414290396592,30.7,17,8.58,1.58091017251636,"July","Malaria","Kitgum",206
8,4,90.8740006553077,66.229,151.554062909568,0.881862397372744,21.7414290396592,30.7,17,8.58,1.58091017251636,"July","Dysentry","Kitgum",207
8,40,90.8740006553077,66.229,151.554062909568,0.881862397372744,21.7414290396592,30.7,17,8.58,1.58091017251636,"July","Typhoid","Kitgum",208
8,58,90.8740006553077,66.229,151.554062909568,0.881862397372744,21.7414290396592,30.7,17,8.58,1.58091017251636,"July","Skin_diseases","Kitgum",209
9,77,89.6583434139785,89.962,182.954301075269,0.870611995515695,21.2614410578216,30.2,14.1,8.39,0.849152281863325,"July","Skin_diseases","Nakaseke",210
9,338,89.6583434139785,89.962,182.954301075269,0.870611995515695,21.2614410578216,30.2,14.1,8.39,0.849152281863325,"July","Malaria","Nakaseke",211
9,12,89.6583434139785,89.962,182.954301075269,0.870611995515695,21.2614410578216,30.2,14.1,8.39,0.849152281863325,"July","Asthma","Nakaseke",212
9,4,89.6583434139785,89.962,182.954301075269,0.870611995515695,21.2614410578216,30.2,14.1,8.39,0.849152281863325,"July","Dysentry","Nakaseke",213
9,84,89.6583434139785,89.962,182.954301075269,0.870611995515695,21.2614410578216,30.2,14.1,8.39,0.849152281863325,"July","Typhoid","Nakaseke",214
1,2,89.8308738425924,105.072,177.859953703704,0.891281810813932,21.7962264150944,30.3,15.7,6.88,0.603429398148145,"June","Asthma","Nakasongola",215
1,825,89.8308738425924,105.072,177.859953703704,0.891281810813932,21.7962264150944,30.3,15.7,6.88,0.603429398148145,"June","Malaria","Nakasongola",216
1,4,89.8308738425924,105.072,177.859953703704,0.891281810813932,21.7962264150944,30.3,15.7,6.88,0.603429398148145,"June","Dysentry","Nakasongola",217
1,52,89.8308738425924,105.072,177.859953703704,0.891281810813932,21.7962264150944,30.3,15.7,6.88,0.603429398148145,"June","Skin_diseases","Nakasongola",218
2,264,88.898805555556,127.278,146.547569444444,0.833439027214824,21.5234259259259,27.6,16.9,9.99,1.09629823103407,"June","Malaria","Entebbe",219
2,2,88.898805555556,127.278,146.547569444444,0.833439027214824,21.5234259259259,27.6,16.9,9.99,1.09629823103407,"June","Dysentry","Entebbe",220
2,13,88.898805555556,127.278,146.547569444444,0.833439027214824,21.5234259259259,27.6,16.9,9.99,1.09629823103407,"June","Asthma","Entebbe",221
2,101,88.898805555556,127.278,146.547569444444,0.833439027214824,21.5234259259259,27.6,16.9,9.99,1.09629823103407,"June","Skin_diseases","Entebbe",222
2,75,88.898805555556,127.278,146.547569444444,0.833439027214824,21.5234259259259,27.6,16.9,9.99,1.09629823103407,"June","Typhoid","Entebbe",223
3,15,88.116645833333,170.956,164.438078703704,0.894734213880194,20.7450335725862,28.1,16.1,30,0.964423611111111,"June","Asthma","Butambala",224
3,556,88.116645833333,170.956,164.438078703704,0.894734213880194,20.7450335725862,28.1,16.1,30,0.964423611111111,"June","Malaria","Butambala",225
3,63,88.116645833333,170.956,164.438078703704,0.894734213880194,20.7450335725862,28.1,16.1,30,0.964423611111111,"June","Typhoid","Butambala",226
3,3,88.116645833333,170.956,164.438078703704,0.894734213880194,20.7450335725862,28.1,16.1,30,0.964423611111111,"June","Dysentry","Butambala",227
3,86,88.116645833333,170.956,164.438078703704,0.894734213880194,20.7450335725862,28.1,16.1,30,0.964423611111111,"June","Skin_diseases","Butambala",228
4,8,89.2400902777774,246.488,176.637962962963,0.892244843568936,21.5993517017829,30,17.2,6.74,0.76387847222222,"June","Dysentry","Gulu",229
4,262,89.2400902777774,246.488,176.637962962963,0.892244843568936,21.5993517017829,30,17.2,6.74,0.76387847222222,"June","Skin_diseases","Gulu",230
4,10,89.2400902777774,246.488,176.637962962963,0.892244843568936,21.5993517017829,30,17.2,6.74,0.76387847222222,"June","Asthma","Gulu",231
4,1261,89.2400902777774,246.488,176.637962962963,0.892244843568936,21.5993517017829,30,17.2,6.74,0.76387847222222,"June","Malaria","Gulu",232
4,20,89.2400902777774,246.488,176.637962962963,0.892244843568936,21.5993517017829,30,17.2,6.74,0.76387847222222,"June","Typhoid","Gulu",233
5,545,87.8958077591203,195.309,122.750462962963,0.881498263084758,21.1096770459544,27.8,16.6,6.96,0.521017361111111,"June","Malaria","Kampala",234
5,103,87.8958077591203,195.309,122.750462962963,0.881498263084758,21.1096770459544,27.8,16.6,6.96,0.521017361111111,"June","Asthma","Kampala",235
5,34,87.8958077591203,195.309,122.750462962963,0.881498263084758,21.1096770459544,27.8,16.6,6.96,0.521017361111111,"June","Typhoid","Kampala",236
5,15,87.8958077591203,195.309,122.750462962963,0.881498263084758,21.1096770459544,27.8,16.6,6.96,0.521017361111111,"June","Dysentry","Kampala",237
5,524,87.8958077591203,195.309,122.750462962963,0.881498263084758,21.1096770459544,27.8,16.6,6.96,0.521017361111111,"June","Skin_diseases","Kampala",238
5,32,87.8958077591203,195.309,122.750462962963,0.881498263084758,21.1096770459544,27.8,16.6,6.96,0.521017361111111,"June","Yellow_fever","Kampala",239
7,40,89.08176042,6.12,194.7326389,0.847695833,22.44402778,29,16.4,30,1.094291667,"June","Asthma","Soroti",240
7,1050,89.08176042,6.12,194.7326389,0.847695833,22.44402778,29,16.4,30,1.094291667,"June","Malaria","Soroti",241
7,19,89.08176042,6.12,194.7326389,0.847695833,22.44402778,29,16.4,30,1.094291667,"June","Dysentry","Soroti",242
7,94,89.08176042,6.12,194.7326389,0.847695833,22.44402778,29,16.4,30,1.094291667,"June","Typhoid","Soroti",243
7,373,89.08176042,6.12,194.7326389,0.847695833,22.44402778,29,16.4,30,1.094291667,"June","Skin_diseases","Soroti",244
8,5,90.9680421686746,12.278,157.497590361446,0.892884382566587,22.9874096385543,30.9,18.5,9.09,3.84409436834095,"June","Asthma","Kitgum",245
8,757,90.9680421686746,12.278,157.497590361446,0.892884382566587,22.9874096385543,30.9,18.5,9.09,3.84409436834095,"June","Malaria","Kitgum",246
8,4,90.9680421686746,12.278,157.497590361446,0.892884382566587,22.9874096385543,30.9,18.5,9.09,3.84409436834095,"June","Dysentry","Kitgum",247
8,32,90.9680421686746,12.278,157.497590361446,0.892884382566587,22.9874096385543,30.9,18.5,9.09,3.84409436834095,"June","Typhoid","Kitgum",248
8,61,90.9680421686746,12.278,157.497590361446,0.892884382566587,22.9874096385543,30.9,18.5,9.09,3.84409436834095,"June","Skin_diseases","Kitgum",249
9,189,89.7087474578299,109.834,180.970451010886,0.859463096093937,21.98857245423,31,15.9,8.91,0.804049445865303,"June","Malaria","Nakaseke",250
9,2,89.7087474578299,109.834,180.970451010886,0.859463096093937,21.98857245423,31,15.9,8.91,0.804049445865303,"June","Dysentry","Nakaseke",251
9,75,89.7087474578299,109.834,180.970451010886,0.859463096093937,21.98857245423,31,15.9,8.91,0.804049445865303,"June","Skin_diseases","Nakaseke",252
9,12,89.7087474578299,109.834,180.970451010886,0.859463096093937,21.98857245423,31,15.9,8.91,0.804049445865303,"June","Asthma","Nakaseke",253
9,48,89.7087474578299,109.834,180.970451010886,0.859463096093937,21.98857245423,31,15.9,8.91,0.804049445865303,"June","Typhoid","Nakaseke",254
1,2,89.5180398745513,56.268,268.225072820972,0.681936848008967,24.9557485432541,37.5,15.8,30,0.785660842293909,"March","Asthma","Nakasongola",255
1,127,89.5180398745513,56.268,268.225072820972,0.681936848008967,24.9557485432541,37.5,15.8,30,0.785660842293909,"March","Malaria","Nakasongola",256
1,17,89.5180398745513,56.268,268.225072820972,0.681936848008967,24.9557485432541,37.5,15.8,30,0.785660842293909,"March","Dysentry","Nakasongola",257
1,38,89.5180398745513,56.268,268.225072820972,0.681936848008967,24.9557485432541,37.5,15.8,30,0.785660842293909,"March","Skin_diseases","Nakasongola",258
2,226,88.6742056912398,70.744,240.633400537634,0.773881390134529,23.9250196078432,29.6,16.9,9.41,1.11729864253394,"March","Malaria","Entebbe",259
2,22,88.6742056912398,70.744,240.633400537634,0.773881390134529,23.9250196078432,29.6,16.9,9.41,1.11729864253394,"March","Typhoid","Entebbe",260
2,133,88.6742056912398,70.744,240.633400537634,0.773881390134529,23.9250196078432,29.6,16.9,9.41,1.11729864253394,"March","Skin_diseases","Entebbe",261
2,13,88.6742056912398,70.744,240.633400537634,0.773881390134529,23.9250196078432,29.6,16.9,9.41,1.11729864253394,"March","Asthma","Entebbe",262
2,5,88.6742056912398,70.744,240.633400537634,0.773881390134529,23.9250196078432,29.6,16.9,9.41,1.11729864253394,"March","Dysentry","Entebbe",263
3,88,87.8146594982082,52.935,209.597446236559,0.745023756163157,22.9201142985209,32.1,16.2,8.66,0.85414859955467,"March","Typhoid","Butambala",264
3,5,87.8146594982082,52.935,209.597446236559,0.745023756163157,22.9201142985209,32.1,16.2,8.66,0.85414859955467,"March","Dysentry","Butambala",265
3,112,87.8146594982082,52.935,209.597446236559,0.745023756163157,22.9201142985209,32.1,16.2,8.66,0.85414859955467,"March","Skin_diseases","Butambala",266
3,342,87.8146594982082,52.935,209.597446236559,0.745023756163157,22.9201142985209,32.1,16.2,8.66,0.85414859955467,"March","Malaria","Butambala",267
3,11,87.8146594982082,52.935,209.597446236559,0.745023756163157,22.9201142985209,32.1,16.2,8.66,0.85414859955467,"March","Asthma","Butambala",268
4,119,88.905151901037,24.043,335.412813978886,0.45667116542039,28.8791841194682,37.8,18.4,20.79,1.14542472941948,"March","Skin_diseases","Gulu",269
4,26,88.905151901037,24.043,335.412813978886,0.45667116542039,28.8791841194682,37.8,18.4,20.79,1.14542472941948,"March","Typhoid","Gulu",270
4,26,88.905151901037,24.043,335.412813978886,0.45667116542039,28.8791841194682,37.8,18.4,20.79,1.14542472941948,"March","Dysentry","Gulu",271
4,348,88.905151901037,24.043,335.412813978886,0.45667116542039,28.8791841194682,37.8,18.4,20.79,1.14542472941948,"March","Malaria","Gulu",272
4,10,88.905151901037,24.043,335.412813978886,0.45667116542039,28.8791841194682,37.8,18.4,20.79,1.14542472941948,"March","Asthma","Gulu",273
5,9,87.6712981630833,38.874,225.032370071685,0.735795449450794,23.9826237956532,31.7,16.8,8.25,0.659949596774195,"March","Dysentry","Kampala",274
5,588,87.6712981630833,38.874,225.032370071685,0.735795449450794,23.9826237956532,31.7,16.8,8.25,0.659949596774195,"March","Skin_diseases","Kampala",275
5,4,87.6712981630833,38.874,225.032370071685,0.735795449450794,23.9826237956532,31.7,16.8,8.25,0.659949596774195,"March","Typhoid","Kampala",276
5,1,87.6712981630833,38.874,225.032370071685,0.735795449450794,23.9826237956532,31.7,16.8,8.25,0.659949596774195,"March","Cholera","Kampala",277
5,107,87.6712981630833,38.874,225.032370071685,0.735795449450794,23.9826237956532,31.7,16.8,8.25,0.659949596774195,"March","Malaria","Kampala",278
5,53,87.6712981630833,38.874,225.032370071685,0.735795449450794,23.9826237956532,31.7,16.8,8.25,0.659949596774195,"March","Asthma","Kampala",279
7,18,88.76895722,8.774,295.2495544,0.488681818,27.39367201,37,18.8,10.94,1.667638146,"March","Asthma","Soroti",280
7,513,88.76895722,8.774,295.2495544,0.488681818,27.39367201,37,18.8,10.94,1.667638146,"March","Malaria","Soroti",281
7,11,88.76895722,8.774,295.2495544,0.488681818,27.39367201,37,18.8,10.94,1.667638146,"March","Dysentry","Soroti",282
7,58,88.76895722,8.774,295.2495544,0.488681818,27.39367201,37,18.8,10.94,1.667638146,"March","Typhoid","Soroti",283
7,120,88.76895722,8.774,295.2495544,0.488681818,27.39367201,37,18.8,10.94,1.667638146,"March","Skin_diseases","Soroti",284
8,4,90.6283686339839,19.111,209.860542598762,0.517443015362629,27.6553875461365,39.6,17.3,32.1,4.04139759036146,"March","Asthma","Kitgum",285
8,272,90.6283686339839,19.111,209.860542598762,0.517443015362629,27.6553875461365,39.6,17.3,32.1,4.04139759036146,"March","Malaria","Kitgum",286
8,23,90.6283686339839,19.111,209.860542598762,0.517443015362629,27.6553875461365,39.6,17.3,32.1,4.04139759036146,"March","Dysentry","Kitgum",287
8,80,90.6283686339839,19.111,209.860542598762,0.517443015362629,27.6553875461365,39.6,17.3,32.1,4.04139759036146,"March","Typhoid","Kitgum",288
8,56,90.6283686339839,19.111,209.860542598762,0.517443015362629,27.6553875461365,39.6,17.3,32.1,4.04139759036146,"March","Skin_diseases","Kitgum",289
1,6,89.6465367383505,190.422,235.001904121864,0.83644734483531,23.3738799283155,32.9,17.2,8.52,0.729042338709673,"May","Dysentry","Nakasongola",290
1,319,89.6465367383505,190.422,235.001904121864,0.83644734483531,23.3738799283155,32.9,17.2,8.52,0.729042338709673,"May","Malaria","Nakasongola",291
1,48,89.6465367383505,190.422,235.001904121864,0.83644734483531,23.3738799283155,32.9,17.2,8.52,0.729042338709673,"May","Skin_diseases","Nakasongola",292
2,220,88.7457786242431,324.431,193.769153225806,0.851799506615828,22.2965273888205,27.1,16.5,15.91,1.18461825416563,"May","Malaria","Entebbe",293
2,2,88.7457786242431,324.431,193.769153225806,0.851799506615828,22.2965273888205,27.1,16.5,15.91,1.18461825416563,"May","Dysentry","Entebbe",294
2,36,88.7457786242431,324.431,193.769153225806,0.851799506615828,22.2965273888205,27.1,16.5,15.91,1.18461825416563,"May","Typhoid","Entebbe",295
2,149,88.7457786242431,324.431,193.769153225806,0.851799506615828,22.2965273888205,27.1,16.5,15.91,1.18461825416563,"May","Skin_diseases","Entebbe",296
2,83,88.7457786242431,324.431,193.769153225806,0.851799506615828,22.2965273888205,27.1,16.5,15.91,1.18461825416563,"May","Asthma","Entebbe",297
3,4,87.9671158154117,154.073,214.087619047619,0.88533822540891,21.467002688172,29.2,16.3,30,0.84628696236559,"May","Dysentry","Butambala",298
3,69,87.9671158154117,154.073,214.087619047619,0.88533822540891,21.467002688172,29.2,16.3,30,0.84628696236559,"May","Typhoid","Butambala",299
3,488,87.9671158154117,154.073,214.087619047619,0.88533822540891,21.467002688172,29.2,16.3,30,0.84628696236559,"May","Malaria","Butambala",300
3,149,87.9671158154117,154.073,214.087619047619,0.88533822540891,21.467002688172,29.2,16.3,30,0.84628696236559,"May","Skin_diseases","Butambala",301
3,10,87.9671158154117,154.073,214.087619047619,0.88533822540891,21.467002688172,29.2,16.3,30,0.84628696236559,"May","Asthma","Butambala",302
4,17,89.0433658154124,192.834,228.846981068668,0.833321104005377,22.9437731196053,31.8,17.3,30,1.10186715949821,"May","Typhoid","Gulu",303
4,253,89.0433658154124,192.834,228.846981068668,0.833321104005377,22.9437731196053,31.8,17.3,30,1.10186715949821,"May","Skin_diseases","Gulu",304
4,7,89.0433658154124,192.834,228.846981068668,0.833321104005377,22.9437731196053,31.8,17.3,30,1.10186715949821,"May","Dysentry","Gulu",305
4,7,89.0433658154124,192.834,228.846981068668,0.833321104005377,22.9437731196053,31.8,17.3,30,1.10186715949821,"May","Asthma","Gulu",306
5,4,87.7456481792714,209.599,181.542002688172,0.852237679211464,22.3686155913978,28.3,16.5,6.12,0.600004480286737,"May","Typhoid","Kampala",307
5,5,87.7456481792714,209.599,181.542002688172,0.852237679211464,22.3686155913978,28.3,16.5,6.12,0.600004480286737,"May","Dysentry","Kampala",308
5,698,87.7456481792714,209.599,181.542002688172,0.852237679211464,22.3686155913978,28.3,16.5,6.12,0.600004480286737,"May","Malaria","Kampala",309
5,35,87.7456481792714,209.599,181.542002688172,0.852237679211464,22.3686155913978,28.3,16.5,6.12,0.600004480286737,"May","Asthma","Kampala",310
5,828,87.7456481792714,209.599,181.542002688172,0.852237679211464,22.3686155913978,28.3,16.5,6.12,0.600004480286737,"May","Skin_diseases","Kampala",311
7,745,88.90550739,136.291,246.3457661,0.800955981,23.56004704,32.8,16.8,30,1.634983199,"May","Malaria","Soroti",312
7,24,88.90550739,136.291,246.3457661,0.800955981,23.56004704,32.8,16.8,30,1.634983199,"May","Asthma","Soroti",313
7,9,88.90550739,136.291,246.3457661,0.800955981,23.56004704,32.8,16.8,30,1.634983199,"May","Dysentry","Soroti",314
7,75,88.90550739,136.291,246.3457661,0.800955981,23.56004704,32.8,16.8,30,1.634983199,"May","Typhoid","Soroti",315
7,178,88.90550739,136.291,246.3457661,0.800955981,23.56004704,32.8,16.8,30,1.634983199,"May","Skin_diseases","Soroti",316
8,1,90.7360561732005,14.235,0.000585137507314219,0.945438524590166,21.2044470450556,27.3,19,4.47,1.13130392156863,"May","Asthma","Kitgum",317
8,457,90.7360561732005,14.235,0.000585137507314219,0.945438524590166,21.2044470450556,27.3,19,4.47,1.13130392156863,"May","Malaria","Kitgum",318
8,1,90.7360561732005,14.235,0.000585137507314219,0.945438524590166,21.2044470450556,27.3,19,4.47,1.13130392156863,"May","Dysentry","Kitgum",319
8,44,90.7360561732005,14.235,0.000585137507314219,0.945438524590166,21.2044470450556,27.3,19,4.47,1.13130392156863,"May","Typhoid","Kitgum",320
8,39,90.7360561732005,14.235,0.000585137507314219,0.945438524590166,21.2044470450556,27.3,19,4.47,1.13130392156863,"May","Skin_diseases","Kitgum",321
9,46,89.5254182444062,176.107,227.233991278403,0.840724241030359,23.019375215344,31.8,17.3,11.95,0.785812966150315,"May","Malaria","Nakaseke",322
9,64,89.5254182444062,176.107,227.233991278403,0.840724241030359,23.019375215344,31.8,17.3,11.95,0.785812966150315,"May","Skin_diseases","Nakaseke",323
9,1,89.5254182444062,176.107,227.233991278403,0.840724241030359,23.019375215344,31.8,17.3,11.95,0.785812966150315,"May","Dysentry","Nakaseke",324
9,3,89.5254182444062,176.107,227.233991278403,0.840724241030359,23.019375215344,31.8,17.3,11.95,0.785812966150315,"May","Asthma","Nakaseke",325
9,75,89.5254182444062,176.107,227.233991278403,0.840724241030359,23.019375215344,31.8,17.3,11.95,0.785812966150315,"May","Typhoid","Nakaseke",326
2,8,88.634796296296,253.67,208.835648148148,0.974852287277386,22.4040050931821,27.7,15.8,10.46,0.840203716940673,"November","Dysentry","Entebbe",327
2,306,88.634796296296,253.67,208.835648148148,0.974852287277386,22.4040050931821,27.7,15.8,10.46,0.840203716940673,"November","Malaria","Entebbe",328
2,82,88.634796296296,253.67,208.835648148148,0.974852287277386,22.4040050931821,27.7,15.8,10.46,0.840203716940673,"November","Typhoid","Entebbe",329
2,29,88.634796296296,253.67,208.835648148148,0.974852287277386,22.4040050931821,27.7,15.8,10.46,0.840203716940673,"November","Asthma","Entebbe",330
2,178,88.634796296296,253.67,208.835648148148,0.974852287277386,22.4040050931821,27.7,15.8,10.46,0.840203716940673,"November","Skin_diseases","Entebbe",331
3,8,87.7882615740737,225.189,192.047916666667,0.824192285416426,21.4624450104191,28.9,14.5,6.95,0.760707340787555,"November","Dysentry","Butambala",332
3,166,87.7882615740737,225.189,192.047916666667,0.824192285416426,21.4624450104191,28.9,14.5,6.95,0.760707340787555,"November","Malaria","Butambala",333
3,43,87.7882615740737,225.189,192.047916666667,0.824192285416426,21.4624450104191,28.9,14.5,6.95,0.760707340787555,"November","Typhoid","Butambala",334
3,14,87.7882615740737,225.189,192.047916666667,0.824192285416426,21.4624450104191,28.9,14.5,6.95,0.760707340787555,"November","Asthma","Butambala",335
3,132,87.7882615740737,225.189,192.047916666667,0.824192285416426,21.4624450104191,28.9,14.5,6.95,0.760707340787555,"November","Skin_diseases","Butambala",336
4,26,88.8885828734196,179.138,284.94267402528,0.629558907533022,25.0727369921598,32.2,16.5,10.21,1.46736655468458,"November","Typhoid","Gulu",337
4,290,88.8885828734196,179.138,284.94267402528,0.629558907533022,25.0727369921598,32.2,16.5,10.21,1.46736655468458,"November","Malaria","Gulu",338
4,10,88.8885828734196,179.138,284.94267402528,0.629558907533022,25.0727369921598,32.2,16.5,10.21,1.46736655468458,"November","Dysentry","Gulu",339
4,9,88.8885828734196,179.138,284.94267402528,0.629558907533022,25.0727369921598,32.2,16.5,10.21,1.46736655468458,"November","Asthma","Gulu",340
4,269,88.8885828734196,179.138,284.94267402528,0.629558907533022,25.0727369921598,32.2,16.5,10.21,1.46736655468458,"November","Skin_diseases","Gulu",341
5,542,87.6090393518522,161.711,166.91400462963,0.799657641610262,22.950462962963,32.8,16.9,7.2,0.915521185946073,"November","Malaria","Kampala",342
5,10,87.6090393518522,161.711,166.91400462963,0.799657641610262,22.950462962963,32.8,16.9,7.2,0.915521185946073,"November","Dysentry","Kampala",343
5,4,87.6090393518522,161.711,166.91400462963,0.799657641610262,22.950462962963,32.8,16.9,7.2,0.915521185946073,"November","Typhoid","Kampala",344
5,519,87.6090393518522,161.711,166.91400462963,0.799657641610262,22.950462962963,32.8,16.9,7.2,0.915521185946073,"November","Skin_diseases","Kampala",345
5,5,87.6090393518522,161.711,166.91400462963,0.799657641610262,22.950462962963,32.8,16.9,7.2,0.915521185946073,"November","Cholera","Kampala",346
5,69,87.6090393518522,161.711,166.91400462963,0.799657641610262,22.950462962963,32.8,16.9,7.2,0.915521185946073,"November","Asthma","Kampala",347
7,108,88.72846809,0.102,289.7106383,0.632076596,23.0004329,32.1,17,37.49,1.737066667,"November","Skin_diseases","Soroti",348
7,31,88.72846809,0.102,289.7106383,0.632076596,23.0004329,32.1,17,37.49,1.737066667,"November","Asthma","Soroti",349
7,659,88.72846809,0.102,289.7106383,0.632076596,23.0004329,32.1,17,37.49,1.737066667,"November","Malaria","Soroti",350
7,5,88.72846809,0.102,289.7106383,0.632076596,23.0004329,32.1,17,37.49,1.737066667,"November","Dysentry","Soroti",351
7,93,88.72846809,0.102,289.7106383,0.632076596,23.0004329,32.1,17,37.49,1.737066667,"November","Typhoid","Soroti",352
8,10,90.671548611111,33.592,223.615277777778,0.733104183567038,24.1840940685819,34.9,13.4,12.38,1.59342622365131,"November","Asthma","Kitgum",353
8,207,90.671548611111,33.592,223.615277777778,0.733104183567038,24.1840940685819,34.9,13.4,12.38,1.59342622365131,"November","Malaria","Kitgum",354
8,5,90.671548611111,33.592,223.615277777778,0.733104183567038,24.1840940685819,34.9,13.4,12.38,1.59342622365131,"November","Dysentry","Kitgum",355
8,62,90.671548611111,33.592,223.615277777778,0.733104183567038,24.1840940685819,34.9,13.4,12.38,1.59342622365131,"November","Typhoid","Kitgum",356
8,45,90.671548611111,33.592,223.615277777778,0.733104183567038,24.1840940685819,34.9,13.4,12.38,1.59342622365131,"November","Skin_diseases","Kitgum",357
9,434,89.461275462963,117.248,194.728009259259,0.851084066697545,21.9756481481481,30.3,16.9,7.09,0.923736017897092,"November","Malaria","Nakaseke",358
9,8,89.461275462963,117.248,194.728009259259,0.851084066697545,21.9756481481481,30.3,16.9,7.09,0.923736017897092,"November","Asthma","Nakaseke",359
9,59,89.461275462963,117.248,194.728009259259,0.851084066697545,21.9756481481481,30.3,16.9,7.09,0.923736017897092,"November","Skin_diseases","Nakaseke",360
9,4,89.461275462963,117.248,194.728009259259,0.851084066697545,21.9756481481481,30.3,16.9,7.09,0.923736017897092,"November","Dysentry","Nakaseke",361
9,106,89.461275462963,117.248,194.728009259259,0.851084066697545,21.9756481481481,30.3,16.9,7.09,0.923736017897092,"November","Typhoid","Nakaseke",362
2,165,88.6977766577065,191.007,201.278673835125,0.972462180137529,21.9448677722994,27.7,16.5,9.52,1.02544974166275,"October","Skin_diseases","Entebbe",363
2,24,88.6977766577065,191.007,201.278673835125,0.972462180137529,21.9448677722994,27.7,16.5,9.52,1.02544974166275,"October","Asthma","Entebbe",364
2,291,88.6977766577065,191.007,201.278673835125,0.972462180137529,21.9448677722994,27.7,16.5,9.52,1.02544974166275,"October","Malaria","Entebbe",365
2,6,88.6977766577065,191.007,201.278673835125,0.972462180137529,21.9448677722994,27.7,16.5,9.52,1.02544974166275,"October","Dysentry","Entebbe",366
2,35,88.6977766577065,191.007,201.278673835125,0.972462180137529,21.9448677722994,27.7,16.5,9.52,1.02544974166275,"October","Typhoid","Entebbe",367
3,13,87.8350907258067,169.529,182.26019265233,0.831381053811657,21.0668458781361,29.1,16,7.85,0.788456107319367,"October","Asthma","Butambala",368
3,31,87.8350907258067,169.529,182.26019265233,0.831381053811657,21.0668458781361,29.1,16,7.85,0.788456107319367,"October","Typhoid","Butambala",369
3,92,87.8350907258067,169.529,182.26019265233,0.831381053811657,21.0668458781361,29.1,16,7.85,0.788456107319367,"October","Skin_diseases","Butambala",370
3,7,87.8350907258067,169.529,182.26019265233,0.831381053811657,21.0668458781361,29.1,16,7.85,0.788456107319367,"October","Dysentry","Butambala",371
3,121,87.8350907258067,169.529,182.26019265233,0.831381053811657,21.0668458781361,29.1,16,7.85,0.788456107319367,"October","Malaria","Butambala",372
4,73,88.9507800312012,120.2,256.411232449298,0.699430046948358,23.6867582760774,30.4,17,7.62,1.13953541260559,"October","Asthma","Gulu",373
4,8,88.9507800312012,120.2,256.411232449298,0.699430046948358,23.6867582760774,30.4,17,7.62,1.13953541260559,"October","Dysentry","Gulu",374
4,29,88.9507800312012,120.2,256.411232449298,0.699430046948358,23.6867582760774,30.4,17,7.62,1.13953541260559,"October","Typhoid","Gulu",375
4,222,88.9507800312012,120.2,256.411232449298,0.699430046948358,23.6867582760774,30.4,17,7.62,1.13953541260559,"October","Skin_diseases","Gulu",376
4,264,88.9507800312012,120.2,256.411232449298,0.699430046948358,23.6867582760774,30.4,17,7.62,1.13953541260559,"October","Malaria","Gulu",377
5,17,87.67050515233,225.682,155.055443548387,0.815203623518685,22.1796370967743,30.7,16.4,54.33,0.800357020254034,"October","Dysentry","Kampala",378
5,37,87.67050515233,225.682,155.055443548387,0.815203623518685,22.1796370967743,30.7,16.4,54.33,0.800357020254034,"October","Guinea_worm","Kampala",379
5,90,87.67050515233,225.682,155.055443548387,0.815203623518685,22.1796370967743,30.7,16.4,54.33,0.800357020254034,"October","Asthma","Kampala",380
5,75,87.67050515233,225.682,155.055443548387,0.815203623518685,22.1796370967743,30.7,16.4,54.33,0.800357020254034,"October","Typhoid","Kampala",381
5,546,87.67050515233,225.682,155.055443548387,0.815203623518685,22.1796370967743,30.7,16.4,54.33,0.800357020254034,"October","Skin_diseases","Kampala",382
5,566,87.67050515233,225.682,155.055443548387,0.815203623518685,22.1796370967743,30.7,16.4,54.33,0.800357020254034,"October","Malaria","Kampala",383
7,682,88.75735317,59.043,203.7343511,0.682609663,24.4780916,32.6,17,10.21,1.679410377,"October","Malaria","Soroti",384
7,3,88.75735317,59.043,203.7343511,0.682609663,24.4780916,32.6,17,10.21,1.679410377,"October","Dysentry","Soroti",385
7,43,88.75735317,59.043,203.7343511,0.682609663,24.4780916,32.6,17,10.21,1.679410377,"October","Asthma","Soroti",386
7,90,88.75735317,59.043,203.7343511,0.682609663,24.4780916,32.6,17,10.21,1.679410377,"October","Skin_diseases","Soroti",387
7,74,88.75735317,59.043,203.7343511,0.682609663,24.4780916,32.6,17,10.21,1.679410377,"October","Typhoid","Soroti",388
8,9,90.7127494560145,148.708,243.040565744482,0.786046029021685,24.0231917872141,34.6,15.8,12.02,1.39053850025163,"October","Asthma","Kitgum",389
8,150,90.7127494560145,148.708,243.040565744482,0.786046029021685,24.0231917872141,34.6,15.8,12.02,1.39053850025163,"October","Malaria","Kitgum",390
8,10,90.7127494560145,148.708,243.040565744482,0.786046029021685,24.0231917872141,34.6,15.8,12.02,1.39053850025163,"October","Dysentry","Kitgum",391
8,75,90.7127494560145,148.708,243.040565744482,0.786046029021685,24.0231917872141,34.6,15.8,12.02,1.39053850025163,"October","Typhoid","Kitgum",392
8,56,90.7127494560145,148.708,243.040565744482,0.786046029021685,24.0231917872141,34.6,15.8,12.02,1.39053850025163,"October","Skin_diseases","Kitgum",393
9,237,89.4819529964747,287.621,180.838542890717,0.882578761478691,21.2950282087447,29.5,16.7,9.06,0.959683875079669,"October","Malaria","Nakaseke",394
9,10,89.4819529964747,287.621,180.838542890717,0.882578761478691,21.2950282087447,29.5,16.7,9.06,0.959683875079669,"October","Asthma","Nakaseke",395
9,39,89.4819529964747,287.621,180.838542890717,0.882578761478691,21.2950282087447,29.5,16.7,9.06,0.959683875079669,"October","Skin_diseases","Nakaseke",396
9,83,89.4819529964747,287.621,180.838542890717,0.882578761478691,21.2950282087447,29.5,16.7,9.06,0.959683875079669,"October","Typhoid","Nakaseke",397
1,3,89.7134421296293,0.051,217.380831114712,0.855990385729172,22.271441806601,32.4,15.7,9.44,0.710702755188735,"September","Typhoid","Nakasongola",398
1,328,89.7134421296293,0.051,217.380831114712,0.855990385729172,22.271441806601,32.4,15.7,9.44,0.710702755188735,"September","Malaria","Nakasongola",399
1,1,89.7134421296293,0.051,217.380831114712,0.855990385729172,22.271441806601,32.4,15.7,9.44,0.710702755188735,"September","Dysentry","Nakasongola",400
1,32,89.7134421296293,0.051,217.380831114712,0.855990385729172,22.271441806601,32.4,15.7,9.44,0.710702755188735,"September","Skin_diseases","Nakasongola",401
2,27,88.7671929621484,124.709,190.80787037037,0.78601412200486,21.7017943968511,28.9,16.4,8.88,1.12287290167866,"September","Asthma","Entebbe",402
2,37,88.7671929621484,124.709,190.80787037037,0.78601412200486,21.7017943968511,28.9,16.4,8.88,1.12287290167866,"September","Typhoid","Entebbe",403
2,264,88.7671929621484,124.709,190.80787037037,0.78601412200486,21.7017943968511,28.9,16.4,8.88,1.12287290167866,"September","Malaria","Entebbe",404
2,160,88.7671929621484,124.709,190.80787037037,0.78601412200486,21.7017943968511,28.9,16.4,8.88,1.12287290167866,"September","Skin_diseases","Entebbe",405
2,6,88.7671929621484,124.709,190.80787037037,0.78601412200486,21.7017943968511,28.9,16.4,8.88,1.12287290167866,"September","Cholera","Entebbe",406
3,8,87.9596423611112,112.797,179.961574074074,0.823451766068325,21.1828220858894,29,16,7.52,0.903825231481482,"September","Asthma","Butambala",407
3,289,87.9596423611112,112.797,179.961574074074,0.823451766068325,21.1828220858894,29,16,7.52,0.903825231481482,"September","Malaria","Butambala",408
3,12,87.9596423611112,112.797,179.961574074074,0.823451766068325,21.1828220858894,29,16,7.52,0.903825231481482,"September","Dysentry","Butambala",409
3,83,87.9596423611112,112.797,179.961574074074,0.823451766068325,21.1828220858894,29,16,7.52,0.903825231481482,"September","Typhoid","Butambala",410
3,86,87.9596423611112,112.797,179.961574074074,0.823451766068325,21.1828220858894,29,16,7.52,0.903825231481482,"September","Skin_diseases","Butambala",411
4,8,89.0965860763183,287.337,208.195047341588,0.860997374945309,21.879012525488,29.9,16.2,8.01,0.752627970749544,"September","Asthma","Gulu",412
4,17,89.0965860763183,287.337,208.195047341588,0.860997374945309,21.879012525488,29.9,16.2,8.01,0.752627970749544,"September","Typhoid","Gulu",413
4,104,89.0965860763183,287.337,208.195047341588,0.860997374945309,21.879012525488,29.9,16.2,8.01,0.752627970749544,"September","Skin_diseases","Gulu",414
4,6,89.0965860763183,287.337,208.195047341588,0.860997374945309,21.879012525488,29.9,16.2,8.01,0.752627970749544,"September","Dysentry","Gulu",415
4,250,89.0965860763183,287.337,208.195047341588,0.860997374945309,21.879012525488,29.9,16.2,8.01,0.752627970749544,"September","Malaria","Gulu",416
5,4,87.7683663538406,212.962,144.241435185185,0.851020729588878,21.5267623567542,28.7,15.9,8.65,0.616609953703707,"September","Dysentry","Kampala",417
5,45,87.7683663538406,212.962,144.241435185185,0.851020729588878,21.5267623567542,28.7,15.9,8.65,0.616609953703707,"September","Skin_diseases","Kampala",418
5,4,87.7683663538406,212.962,144.241435185185,0.851020729588878,21.5267623567542,28.7,15.9,8.65,0.616609953703707,"September","Asthma","Kampala",419
5,194,87.7683663538406,212.962,144.241435185185,0.851020729588878,21.5267623567542,28.7,15.9,8.65,0.616609953703707,"September","Malaria","Kampala",420
6,3,87.0860550989697,110.707,194.826212805372,0.840305594243267,20.5614992469006,30.1,15.3,11.92,1.32799395405078,"September","Dysentry","Sembabule",421
6,49,87.0860550989697,110.707,194.826212805372,0.840305594243267,20.5614992469006,30.1,15.3,11.92,1.32799395405078,"September","Skin_diseases","Sembabule",422
6,112,87.0860550989697,110.707,194.826212805372,0.840305594243267,20.5614992469006,30.1,15.3,11.92,1.32799395405078,"September","Malaria","Sembabule",423
7,38,88.96333681,0.068,243.2979167,0.818825694,22.77003472,31.6,16.7,12.32,1.168623994,"September","Asthma","Soroti",424
7,1346,88.96333681,0.068,243.2979167,0.818825694,22.77003472,31.6,16.7,12.32,1.168623994,"September","Malaria","Soroti",425
7,76,88.96333681,0.068,243.2979167,0.818825694,22.77003472,31.6,16.7,12.32,1.168623994,"September","Typhoid","Soroti",426
7,154,88.96333681,0.068,243.2979167,0.818825694,22.77003472,31.6,16.7,12.32,1.168623994,"September","Skin_diseases","Soroti",427
8,7,90.8010208333336,160.533,242.613657407407,0.794238939078063,23.0718818760858,32,16.9,6.95,0.646349342832576,"September","Asthma","Kitgum",428
8,460,90.8010208333336,160.533,242.613657407407,0.794238939078063,23.0718818760858,32,16.9,6.95,0.646349342832576,"September","Malaria","Kitgum",429
8,3,90.8010208333336,160.533,242.613657407407,0.794238939078063,23.0718818760858,32,16.9,6.95,0.646349342832576,"September","Dysentry","Kitgum",430
8,38,90.8010208333336,160.533,242.613657407407,0.794238939078063,23.0718818760858,32,16.9,6.95,0.646349342832576,"September","Typhoid","Kitgum",431
8,56,90.8010208333336,160.533,242.613657407407,0.794238939078063,23.0718818760858,32,16.9,6.95,0.646349342832576,"September","Skin_diseases","Kitgum",432
9,270,89.5958113425926,227.853,215.376244501042,0.853974742208319,21.9078045391385,31.5,15.9,8.98,0.941417614025476,"September","Malaria","Nakaseke",433
9,72,89.5958113425926,227.853,215.376244501042,0.853974742208319,21.9078045391385,31.5,15.9,8.98,0.941417614025476,"September","Skin_diseases","Nakaseke",434
9,14,89.5958113425926,227.853,215.376244501042,0.853974742208319,21.9078045391385,31.5,15.9,8.98,0.941417614025476,"September","Asthma","Nakaseke",435
9,56,89.5958113425926,227.853,215.376244501042,0.853974742208319,21.9078045391385,31.5,15.9,8.98,0.941417614025476,"September","Typhoid","Nakaseke",436
